{
  "n_samples": 180,
  "pca_components": 2,
  "umap_used": true,
  "embedding_dim": 2,
  "explained_variance_ratio": [
    0.8438520479941525,
    0.9506740430657161,
    0.96822398242792,
    0.9830598209895358,
    0.9872042304724138,
    0.9904920804520914,
    0.9920932605976361,
    0.9933985517251734,
    0.9943696563450244,
    0.9950617132837576,
    0.9956907220865803,
    0.9961570185744294,
    0.9965032130531424,
    0.9967906854525195,
    0.997006766600928,
    0.9972081397694936,
    0.9974000859768287,
    0.9975870358003489,
    0.9977373083316907,
    0.9978754695667782,
    0.9980011691642711,
    0.9981120317501303,
    0.9982190849997858,
    0.9983096556439763,
    0.9983936964558214,
    0.9984725831951367,
    0.9985509033328307,
    0.9986254045284614,
    0.9986896403773506,
    0.9987500141063432,
    0.9988087265220009,
    0.9988635021927815,
    0.9989124445035782,
    0.9989570139851571,
    0.9989979099672981,
    0.9990365646439234,
    0.9990745173528959,
    0.9991085399677004,
    0.9991421179938518,
    0.999175092143484,
    0.9992064957880057,
    0.99923608172245,
    0.9992635801927587,
    0.999290889655871,
    0.9993170356279776,
    0.9993423921361952,
    0.9993667655305087,
    0.999390635366138,
    0.9994130216532802,
    0.9994347970854315,
    0.9994557094729271,
    0.9994763021122923,
    0.9994950627521104,
    0.9995136230987389,
    0.9995317863660313,
    0.9995490747396049,
    0.9995653829556359,
    0.9995805554293103,
    0.9995956904354216,
    0.9996102608237907,
    0.9996238825609806,
    0.9996364800283493,
    0.9996488795411383,
    0.9996610022390079,
    0.9996725248644593,
    0.9996834272374451,
    0.9996940158335442,
    0.9997043023492798,
    0.9997141211268824,
    0.9997236659611721,
    0.9997329360468266,
    0.999742082841108,
    0.9997509076276596,
    0.9997593695069122,
    0.999767642521482,
    0.999775816843944,
    0.9997838564257383,
    0.9997914529917225,
    0.9997989173888334,
    0.9998059013815161,
    0.9998124837128907,
    0.9998189106718073,
    0.999825089304597,
    0.9998311522804293,
    0.9998371424369089,
    0.9998430564560025,
    0.9998485856486576,
    0.9998538674149494,
    0.999859033656885,
    0.9998641071503557,
    0.9998689303914641,
    0.9998736445789466,
    0.999878246656302,
    0.9998825817991938,
    0.999886837388032,
    0.9998909920211022,
    0.999895094632456,
    0.9998990867957491,
    0.9999028822623827,
    0.9999066128018078,
    0.999910106260546,
    0.9999134236025367,
    0.9999167109513113,
    0.9999199392653362,
    0.9999229902536778,
    0.9999258668492681,
    0.9999287271394375,
    0.9999314354672024,
    0.9999340818925533,
    0.9999366447848385,
    0.9999391551503003,
    0.9999415575166265,
    0.9999438796115562,
    0.9999461700753375,
    0.9999483596686864,
    0.9999504860174964,
    0.9999525767205796,
    0.9999545576702553,
    0.9999564256771519,
    0.999958264580729,
    0.999960027281441,
    0.9999617279003931,
    0.9999633951268523,
    0.9999650114102245,
    0.9999665839961466,
    0.9999681164825768,
    0.9999696112186128,
    0.9999710492426548,
    0.9999724178787036,
    0.9999737116367177,
    0.9999749369671403,
    0.9999761509522874,
    0.9999773386650709,
    0.9999784596181346,
    0.9999795628034284,
    0.9999806310229583,
    0.9999816672226064,
    0.9999826698285763,
    0.9999836297097479,
    0.9999845689003459,
    0.9999854557681734,
    0.9999862990048047,
    0.9999871059855717,
    0.9999878925695758,
    0.9999886699068878,
    0.9999894035143688,
    0.9999901203144345,
    0.9999908119473248,
    0.9999914497510698,
    0.9999920711191879,
    0.9999926508723596,
    0.9999931968032628,
    0.9999937191800028,
    0.9999942397132475,
    0.9999947162147245,
    0.9999951617825759,
    0.999995600568923,
    0.9999960089077534,
    0.9999963946228347,
    0.999996756190435,
    0.9999970905771537,
    0.9999974118732623,
    0.9999977237413044,
    0.9999980209237286,
    0.9999982875225455,
    0.9999985494269942,
    0.9999987923835453,
    0.9999990274379764,
    0.9999992048232509,
    0.9999993660158114,
    0.999999520327714,
    0.9999996413311906,
    0.9999997469760281,
    0.9999998441888677,
    0.9999999300715229,
    0.9999999999999989,
    0.9999999999999989,
    0.9999999999999989,
    0.9999999999999989
  ],
  "selected_model": {
    "algorithm": "agglomerative",
    "k": 20,
    "selection_score": 11.73188461195068,
    "internal_metrics": {
      "silhouette": 